
USE `quiz_system`;
/*!40101 SET @saved_cs_client     = @@character_set_client */;
/*!50503 SET character_set_client = utf8mb4 */;
CREATE TABLE `question_options` (
  `id` int NOT NULL AUTO_INCREMENT,
  `is_correct` bit(1) DEFAULT NULL,
  `option_text` varchar(255) NOT NULL,
  `order_num` int DEFAULT NULL,
  `question_id` int NOT NULL,
  PRIMARY KEY (`id`),
  KEY `FKsb9v00wdrgc9qojtjkv7e1gkp` (`question_id`),
  CONSTRAINT `FKsb9v00wdrgc9qojtjkv7e1gkp` FOREIGN KEY (`question_id`) REFERENCES `questions` (`id`)
) ENGINE=InnoDB AUTO_INCREMENT=409 DEFAULT CHARSET=utf8mb4 COLLATE=utf8mb4_0900_ai_ci;
/*!40101 SET character_set_client = @saved_cs_client */;
INSERT INTO `question_options` VALUES (1,_binary '\0','To create web applications',0,1),(2,_binary '','To manage and organize data',1,1),(3,_binary '\0','To design network protocols',2,1),(4,_binary '\0','To secure hardware components',3,1),(5,_binary '','Data stored in tables',0,2),(6,_binary '\0','Data stored in graphs',1,2),(7,_binary '\0','Data stored in files',2,2),(8,_binary '\0','Data stored in arrays',3,2),(9,_binary '','Structured Query Language',0,3),(10,_binary '\0','Simple Query Language',1,3),(11,_binary '\0','System Query Logic',2,3),(12,_binary '\0','Sequential Query Language',3,3),(13,_binary '\0','Foreign Key',0,4),(14,_binary '','Primary Key',1,4),(15,_binary '\0','Candidate Key',2,4),(16,_binary '\0','Composite Key',3,4),(17,_binary '\0','To uniquely identify a record',0,5),(18,_binary '','To establish a relationship between tables',1,5),(19,_binary '\0','To index a table',2,5),(20,_binary '\0','To encrypt data',3,5),(21,_binary '\0','First Normal Form (1NF)',0,6),(22,_binary '\0','Second Normal Form (2NF)',1,6),(23,_binary '','Third Normal Form (3NF)',2,6),(24,_binary '\0','Boyce-Codd Normal Form (BCNF)',3,6),(25,_binary '\0','To delete records',0,7),(26,_binary '\0','To update records',1,7),(27,_binary '','To retrieve data',2,7),(28,_binary '\0','To create tables',3,7),(29,_binary '','Hierarchical',0,8),(30,_binary '\0','Linear',1,8),(31,_binary '\0','Circular',2,8),(32,_binary '\0','Modular',3,8),(33,_binary '','Atomicity, Consistency, Isolation, Durability',0,9),(34,_binary '\0','Accuracy, Completeness, Integrity, Dependability',1,9),(35,_binary '\0','Adaptability, Connectivity, Isolation, Durability',2,9),(36,_binary '\0','Atomicity, Consistency, Integration, Dependability',3,9),(37,_binary '\0','INSERT',0,10),(38,_binary '\0','DELETE',1,10),(39,_binary '','UPDATE',2,10),(40,_binary '\0','SELECT',3,10),(41,_binary '\0','A physical table',0,11),(42,_binary '','A virtual table based on a query',1,11),(43,_binary '\0','A database schema',2,11),(44,_binary '\0','A backup file',3,11),(45,_binary '','Constraints',0,12),(46,_binary '\0','Queries',1,12),(47,_binary '\0','Indexes',2,12),(48,_binary '\0','Triggers',3,12),(49,_binary '\0','To delete records from multiple tables',0,13),(50,_binary '','To combine rows from two or more tables',1,13),(51,_binary '\0','To create a new table',2,13),(52,_binary '\0','To update records in a single table',3,13),(53,_binary '\0','INNER JOIN',0,14),(54,_binary '\0','LEFT JOIN',1,14),(55,_binary '\0','RIGHT JOIN',2,14),(56,_binary '','FULL OUTER JOIN',3,14),(57,_binary '\0','To store data',0,15),(58,_binary '','To improve query performance',1,15),(59,_binary '\0','To define relationships',2,15),(60,_binary '\0','To enforce constraints',3,15),(61,_binary '\0','ORDER BY',0,16),(62,_binary '\0','GROUP BY',1,16),(63,_binary '','WHERE',2,16),(64,_binary '\0','HAVING',3,16),(65,_binary '\0','A type of index',0,17),(66,_binary '','A stored procedure executed automatically',1,17),(67,_binary '\0','A type of constraint',2,17),(68,_binary '\0','A backup mechanism',3,17),(69,_binary '\0','Relational',0,18),(70,_binary '','Document',1,18),(71,_binary '\0','Hierarchical',2,18),(72,_binary '\0','Network',3,18),(73,_binary '\0','Reverses a transaction',0,19),(74,_binary '','Saves a transaction permanently',1,19),(75,_binary '\0','Deletes a transaction',2,19),(76,_binary '\0','Locks a transaction',3,19),(77,_binary '\0','To sort data',0,20),(78,_binary '','To group rows with similar values',1,20),(79,_binary '\0','To filter rows',2,20),(80,_binary '\0','To join tables',3,20),(81,_binary '\0','Increased data redundancy',0,21),(82,_binary '','Reduced data redundancy',1,21),(83,_binary '\0','Slower query performance',2,21),(84,_binary '\0','Increased storage requirements',3,21),(85,_binary '\0','A single table',0,22),(86,_binary '','A collection of database objects',1,22),(87,_binary '\0','A type of query',2,22),(88,_binary '\0','A backup file',3,22),(89,_binary '\0','DELETE',0,23),(90,_binary '','DROP',1,23),(91,_binary '\0','TRUNCATE',2,23),(92,_binary '\0','REMOVE',3,23),(93,_binary '\0','To filter individual rows',0,24),(94,_binary '','To filter grouped rows',1,24),(95,_binary '\0','To sort data',2,24),(96,_binary '\0','To join tables',3,24),(97,_binary '\0','Microsoft Word',0,25),(98,_binary '','MySQL',1,25),(99,_binary '\0','Adobe Photoshop',2,25),(100,_binary '\0','Notepad',3,25),(101,_binary '\0','Managing server-side logic',0,26),(102,_binary '','Creating reusable UI components',1,26),(103,_binary '\0','Optimizing database queries',2,26),(104,_binary '\0','Handling network protocols',3,26),(105,_binary '\0','React',0,27),(106,_binary '','Angular',1,27),(107,_binary '\0','Vue.js',2,27),(108,_binary '\0','Svelte',3,27),(109,_binary '\0','Server performance',0,28),(110,_binary '','Rendering efficiency',1,28),(111,_binary '\0','Database connectivity',2,28),(112,_binary '\0','File compression',3,28),(113,_binary '\0','Node.js',0,29),(114,_binary '','Bootstrap',1,29),(115,_binary '\0','Express',2,29),(116,_binary '\0','Django',3,29),(117,_binary '\0','To manage backend databases',0,30),(118,_binary '','To simplify user interface development',1,30),(119,_binary '\0','To handle server-side routing',2,30),(120,_binary '\0','To secure network connections',3,30),(121,_binary '','Svelte',0,31),(122,_binary '\0','Angular',1,31),(123,_binary '\0','React',2,31),(124,_binary '\0','Vue.js',3,31),(125,_binary '\0','A database query language',0,32),(126,_binary '','A JavaScript syntax extension',1,32),(127,_binary '\0','A CSS preprocessor',2,32),(128,_binary '\0','A server-side scripting language',3,32),(129,_binary '\0','Vue.js',0,33),(130,_binary '\0','React',1,33),(131,_binary '','Angular',2,33),(132,_binary '\0','Svelte',3,33),(133,_binary '\0','Complex state management',0,34),(134,_binary '','Simple and intuitive syntax',1,34),(135,_binary '\0','Server-side rendering',2,34),(136,_binary '\0','Extensive boilerplate code',3,34),(137,_binary '\0','React',0,35),(138,_binary '','Bulma',1,35),(139,_binary '\0','Angular',2,35),(140,_binary '\0','Vue.js',3,35),(141,_binary '','MVC architecture',0,36),(142,_binary '\0','Database schema',1,36),(143,_binary '\0','API endpoints',2,36),(144,_binary '\0','File compression',3,36),(145,_binary '\0','Angular',0,37),(146,_binary '','Backbone.js',1,37),(147,_binary '\0','React',2,37),(148,_binary '\0','Ember.js',3,37),(149,_binary '\0','Building complex server-side applications',0,38),(150,_binary '','Simplifying DOM manipulation',1,38),(151,_binary '\0','Managing database transactions',2,38),(152,_binary '\0','Creating RESTful APIs',3,38),(153,_binary '\0','Bootstrap',0,39),(154,_binary '','Angular',1,39),(155,_binary '\0','Tailwind CSS',2,39),(156,_binary '\0','Foundation',3,39),(157,_binary '\0','Built-in database management',0,40),(158,_binary '','Incremental adoptability',1,40),(159,_binary '\0','Server-side rendering only',2,40),(160,_binary '\0','Hardware acceleration',3,40),(161,_binary '\0','Uses a virtual DOM',0,41),(162,_binary '','Compiles to vanilla JavaScript',1,41),(163,_binary '\0','Requires TypeScript',2,41),(164,_binary '\0','Focuses on backend logic',3,41),(165,_binary '\0','JavaScript interactivity',0,42),(166,_binary '','Responsive design and styling',1,42),(167,_binary '\0','Database integration',2,42),(168,_binary '\0','Server-side processing',3,42),(169,_binary '\0','Angular',0,43),(170,_binary '','React',1,43),(171,_binary '\0','Vue.js',2,43),(172,_binary '\0','Svelte',3,43),(173,_binary '\0','Minimalistic design',0,44),(174,_binary '','Convention over configuration',1,44),(175,_binary '\0','Server-side rendering',2,44),(176,_binary '\0','Database optimization',3,44),(177,_binary '\0','Built-in JavaScript components',0,45),(178,_binary '','Utility-first CSS classes',1,45),(179,_binary '\0','Two-way data binding',2,45),(180,_binary '\0','Virtual DOM optimization',3,45),(181,_binary '\0','Vue.js',0,46),(182,_binary '','Angular',1,46),(183,_binary '\0','React',2,46),(184,_binary '\0','Svelte',3,46),(185,_binary '\0','Limited community support',0,47),(186,_binary '','Steep learning curve',1,47),(187,_binary '\0','Lack of responsive design',2,47),(188,_binary '\0','Poor performance',3,47),(189,_binary '','Astro',0,48),(190,_binary '\0','Angular',1,48),(191,_binary '\0','Backbone.js',2,48),(192,_binary '\0','Ember.js',3,48),(193,_binary '\0','Virtual DOM',0,49),(194,_binary '','Intuitive and human-readable classes',1,49),(195,_binary '\0','Two-way data binding',2,49),(196,_binary '\0','Server-side rendering',3,49),(197,_binary '','Foundation',0,50),(198,_binary '\0','React',1,50),(199,_binary '\0','Vue.js',2,50),(200,_binary '\0','Svelte',3,50),(201,_binary '\0','To write procedural code',0,51),(202,_binary '','To organize code using objects and classes',1,51),(203,_binary '\0','To manage hardware resources',2,51),(204,_binary '\0','To optimize database queries',3,51),(205,_binary '','Encapsulation',0,52),(206,_binary '\0','Compilation',1,52),(207,_binary '\0','Interpretation',2,52),(208,_binary '\0','Serialization',3,52),(209,_binary '\0','A function definition',0,53),(210,_binary '','A blueprint for creating objects',1,53),(211,_binary '\0','A database table',2,53),(212,_binary '\0','A loop construct',3,53),(213,_binary '\0','A variable type',0,54),(214,_binary '','An instance of a class',1,54),(215,_binary '\0','A database query',2,54),(216,_binary '\0','A hardware component',3,54),(217,_binary '\0','Polymorphism',0,55),(218,_binary '','Inheritance',1,55),(219,_binary '\0','Encapsulation',2,55),(220,_binary '\0','Abstraction',3,55),(221,_binary '','Hiding data and exposing methods',0,56),(222,_binary '\0','Creating multiple class instances',1,56),(223,_binary '\0','Overloading functions',2,56),(224,_binary '\0','Defining loops',3,56),(225,_binary '','Using one interface for multiple data types',0,57),(226,_binary '\0','Creating private methods',1,57),(227,_binary '\0','Compiling code',2,57),(228,_binary '\0','Managing memory',3,57),(229,_binary '','Simplifying complex systems by modeling classes',0,58),(230,_binary '\0','Copying class properties',1,58),(231,_binary '\0','Executing loops',2,58),(232,_binary '\0','Managing databases',3,58),(233,_binary '','extends',0,59),(234,_binary '\0','implements',1,59),(235,_binary '\0','inherits',2,59),(236,_binary '\0','super',3,59),(237,_binary '\0','A method to destroy objects',0,60),(238,_binary '','A special method to initialize objects',1,60),(239,_binary '\0','A loop structure',2,60),(240,_binary '\0','A database connection',3,60),(241,_binary '\0','public',0,61),(242,_binary '','private',1,61),(243,_binary '\0','protected',2,61),(244,_binary '\0','default',3,61),(245,_binary '','Defining multiple methods with the same name but different parameters',0,62),(246,_binary '\0','Overriding a parent class method',1,62),(247,_binary '\0','Hiding class properties',2,62),(248,_binary '\0','Creating abstract classes',3,62),(249,_binary '','Redefining a parent class method in a subclass',0,63),(250,_binary '\0','Creating multiple methods with the same name',1,63),(251,_binary '\0','Hiding class variables',2,63),(252,_binary '\0','Defining static methods',3,63),(253,_binary '','A class that cannot be instantiated',0,64),(254,_binary '\0','A class with only static methods',1,64),(255,_binary '\0','A class with no methods',2,64),(256,_binary '\0','A class that is always public',3,64),(257,_binary '\0','A class with no implementation',0,65),(258,_binary '','A blueprint for methods that must be implemented',1,65),(259,_binary '\0','A private class',2,65),(260,_binary '\0','A static method collection',3,65),(261,_binary '','new',0,66),(262,_binary '\0','create',1,66),(263,_binary '\0','instance',2,66),(264,_binary '\0','object',3,66),(265,_binary '','Calls the parent class constructor or methods',0,67),(266,_binary '\0','Creates a new object',1,67),(267,_binary '\0','Defines a static method',2,67),(268,_binary '\0','Initializes a loop',3,67),(269,_binary '','Refers to the current object',0,68),(270,_binary '\0','Refers to the parent class',1,68),(271,_binary '\0','Declares a static method',2,68),(272,_binary '\0','Creates an interface',3,68),(273,_binary '','A method that belongs to the class rather than an instance',0,69),(274,_binary '\0','A method that cannot be called',1,69),(275,_binary '\0','A method that is abstract',2,69),(276,_binary '\0','A method that is private',3,69),(277,_binary '','They cannot be inherited',0,70),(278,_binary '\0','They cannot have methods',1,70),(279,_binary '\0','They are always abstract',2,70),(280,_binary '\0','They cannot be instantiated',3,70),(281,_binary '\0','public',0,71),(282,_binary '\0','private',1,71),(283,_binary '\0','protected',2,71),(284,_binary '','package-private',3,71),(285,_binary '','To retrieve the value of a private field',0,72),(286,_binary '\0','To set the value of a private field',1,72),(287,_binary '\0','To delete a private field',2,72),(288,_binary '\0','To create a new object',3,72),(289,_binary '\0','To retrieve the value of a private field',0,73),(290,_binary '','To set the value of a private field',1,73),(291,_binary '\0','To delete a private field',2,73),(292,_binary '\0','To create a new object',3,73),(293,_binary '\0','Encapsulation',0,74),(294,_binary '\0','Inheritance',1,74),(295,_binary '','Polymorphism',2,74),(296,_binary '\0','Abstraction',3,74),(297,_binary '','Better code organization and reusability',0,75),(298,_binary '\0','Faster execution speed',1,75),(299,_binary '\0','Reduced memory usage',2,75),(300,_binary '\0','Simpler syntax',3,75),(301,_binary '\0','To design applications',0,76),(302,_binary '','To manage computer resources and provide a user interface',1,76),(303,_binary '\0','To compile code',2,76),(304,_binary '\0','To secure network protocols',3,76),(305,_binary '\0','MS-DOS',0,77),(306,_binary '','Unix',1,77),(307,_binary '\0','Windows 95',2,77),(308,_binary '\0','Palm OS',3,77),(309,_binary '\0','A hardware component',0,78),(310,_binary '','A program in execution',1,78),(311,_binary '\0','A type of memory',2,78),(312,_binary '\0','A user interface',3,78),(313,_binary '\0','To provide a user interface',0,79),(314,_binary '','To manage core system operations like memory and CPU',1,79),(315,_binary '\0','To compile applications',2,79),(316,_binary '\0','To design file systems',3,79),(317,_binary '\0','First-Come, First-Served',0,80),(318,_binary '','Shortest Job Next',1,80),(319,_binary '\0','Round Robin',2,80),(320,_binary '\0','Priority Scheduling',3,80),(321,_binary '\0','A process that terminates unexpectedly',0,81),(322,_binary '','A situation where processes are unable to proceed due to resource contention',1,81),(323,_binary '\0','A memory overflow error',2,81),(324,_binary '\0','A hardware failure',3,81),(325,_binary '','Allocating and deallocating memory to processes',0,82),(326,_binary '\0','Designing user interfaces',1,82),(327,_binary '\0','Compiling source code',2,82),(328,_binary '\0','Encrypting network traffic',3,82),(329,_binary '\0','A type of physical RAM',0,83),(330,_binary '','A memory management technique using disk space as an extension of RAM',1,83),(331,_binary '\0','A type of cache memory',2,83),(332,_binary '\0','A hardware component',3,83),(333,_binary '\0','To manage hardware drivers',0,84),(334,_binary '','To organize and store data on storage devices',1,84),(335,_binary '\0','To compile programs',2,84),(336,_binary '\0','To secure network connections',3,84),(337,_binary '\0','Windows XP',0,85),(338,_binary '','RTOS',1,85),(339,_binary '\0','MS-DOS',2,85),(340,_binary '\0','Ubuntu',3,85),(341,_binary '\0','A type of hardware',0,86),(342,_binary '','A lightweight process that shares resources with other threads',1,86),(343,_binary '\0','A type of memory',2,86),(344,_binary '\0','A user interface component',3,86),(345,_binary '','To manage hardware signals and prioritize tasks',0,87),(346,_binary '\0','To compile code',1,87),(347,_binary '\0','To design file systems',2,87),(348,_binary '\0','To create user interfaces',3,87),(349,_binary '','Mutual Exclusion',0,88),(350,_binary '\0','First-Come, First-Served',1,88),(351,_binary '\0','Round Robin',2,88),(352,_binary '\0','Priority Scheduling',3,88),(353,_binary '','To allocate CPU time to processes',0,89),(354,_binary '\0','To manage file storage',1,89),(355,_binary '\0','To secure network connections',2,89),(356,_binary '\0','To compile applications',3,89),(357,_binary '','Dividing memory into fixed-size blocks',0,90),(358,_binary '\0','Allocating memory dynamically',1,90),(359,_binary '\0','Encrypting memory data',2,90),(360,_binary '\0','Managing CPU registers',3,90),(361,_binary '','A synchronization tool for managing access to resources',0,91),(362,_binary '\0','A type of memory',1,91),(363,_binary '\0','A hardware component',2,91),(364,_binary '\0','A user interface',3,91),(365,_binary '','Batch Processing',0,92),(366,_binary '\0','Network Protocol',1,92),(367,_binary '\0','Compiler System',2,92),(368,_binary '\0','Database System',3,92),(369,_binary '','To store temporary data for virtual memory',0,93),(370,_binary '\0','To compile programs',1,93),(371,_binary '\0','To manage hardware drivers',2,93),(372,_binary '\0','To secure network connections',3,93),(373,_binary '\0','Switching between hardware components',0,94),(374,_binary '','Switching the CPU from one process to another',1,94),(375,_binary '\0','Changing the file system',2,94),(376,_binary '\0','Updating the user interface',3,94),(377,_binary '\0','To compile code',0,95),(378,_binary '','To facilitate communication between the OS and hardware',1,95),(379,_binary '\0','To manage file systems',2,95),(380,_binary '\0','To design user interfaces',3,95),(381,_binary '','To load the operating system into memory',0,96),(382,_binary '\0','To compile applications',1,96),(383,_binary '\0','To manage network connections',2,96),(384,_binary '\0','To design file systems',3,96),(385,_binary '','Increased program execution speed',0,97),(386,_binary '\0','Reduced memory usage',1,97),(387,_binary '\0','Simplified file systems',2,97),(388,_binary '\0','Decreased system security',3,97),(389,_binary '','To provide an interface between a process and the OS',0,98),(390,_binary '\0','To compile source code',1,98),(391,_binary '\0','To design user interfaces',2,98),(392,_binary '\0','To manage network protocols',3,98),(393,_binary '','NTFS',0,99),(394,_binary '\0','TCP/IP',1,99),(395,_binary '\0','HTTP',2,99),(396,_binary '\0','FTP',3,99),(397,_binary '\0','To compile programs',0,100),(398,_binary '','To protect system resources and data',1,100),(399,_binary '\0','To design user interfaces',2,100),(400,_binary '\0','To manage hardware drivers',3,100);
/*!40101 SET @saved_cs_client     = @@character_set_client */;
/*!50503 SET character_set_client = utf8mb4 */;
CREATE TABLE `questions` (
  `id` int NOT NULL AUTO_INCREMENT,
  `created_at` datetime(6) DEFAULT NULL,
  `order_num` int DEFAULT NULL,
  `points` int DEFAULT NULL,
  `question_text` varchar(255) NOT NULL,
  `question_type` varchar(255) DEFAULT NULL,
  `quiz_id` int NOT NULL,
  `subject_id` int NOT NULL,
  PRIMARY KEY (`id`),
  KEY `FKn3gvco4b0kewxc0bywf1igfms` (`quiz_id`),
  KEY `FKo0h0rn8bxifrxmq1d8ipiyqv5` (`subject_id`),
  CONSTRAINT `FKn3gvco4b0kewxc0bywf1igfms` FOREIGN KEY (`quiz_id`) REFERENCES `quizzes` (`id`),
  CONSTRAINT `FKo0h0rn8bxifrxmq1d8ipiyqv5` FOREIGN KEY (`subject_id`) REFERENCES `subjects` (`id`)
) ENGINE=InnoDB AUTO_INCREMENT=102 DEFAULT CHARSET=utf8mb4 COLLATE=utf8mb4_0900_ai_ci;
/*!40101 SET character_set_client = @saved_cs_client */;
INSERT INTO `questions` VALUES (1,NULL,1,1,'What is the primary function of a Database Management System (DBMS)?','MULTIPLE_CHOICE',1,1),(2,NULL,2,1,'Which of the following is a key feature of a relational database?','MULTIPLE_CHOICE',1,1),(3,NULL,3,1,'What does SQL stand for in the context of DBMS?','MULTIPLE_CHOICE',1,1),(4,NULL,4,1,'Which of the following is used to uniquely identify a record in a table?','MULTIPLE_CHOICE',1,1),(5,NULL,5,1,'What is the purpose of a foreign key in a relational database?','MULTIPLE_CHOICE',1,1),(6,NULL,6,1,'Which normal form ensures no transitive dependencies exist?','MULTIPLE_CHOICE',1,1),(7,NULL,7,1,'What is the purpose of the SELECT statement in SQL?','MULTIPLE_CHOICE',1,1),(8,NULL,8,1,'Which of the following is a type of database model?','MULTIPLE_CHOICE',1,1),(9,NULL,9,1,'What does ACID stand for in the context of database transactions?','MULTIPLE_CHOICE',1,1),(10,NULL,10,1,'Which SQL command is used to modify existing data in a table?','MULTIPLE_CHOICE',1,1),(11,NULL,11,1,'What is a view in a DBMS?','MULTIPLE_CHOICE',1,1),(12,NULL,12,1,'Which of the following ensures data integrity in a database?','MULTIPLE_CHOICE',1,1),(13,NULL,13,1,'What is the purpose of the JOIN clause in SQL?','MULTIPLE_CHOICE',1,1),(14,NULL,14,1,'Which type of join returns all rows from both tables, with NULLs in places where there is no match?','MULTIPLE_CHOICE',1,1),(15,NULL,15,1,'What is the role of an index in a database?','MULTIPLE_CHOICE',1,1),(16,NULL,16,1,'Which SQL clause is used to filter the results of a query?','MULTIPLE_CHOICE',1,1),(17,NULL,17,1,'What is a trigger in a DBMS?','MULTIPLE_CHOICE',1,1),(18,NULL,18,1,'Which of the following is a NoSQL database type?','MULTIPLE_CHOICE',1,1),(19,NULL,19,1,'What does the COMMIT command do in SQL?','MULTIPLE_CHOICE',1,1),(20,NULL,20,1,'What is the purpose of the GROUP BY clause in SQL?','MULTIPLE_CHOICE',1,1),(21,NULL,21,1,'Which of the following is a benefit of database normalization?','MULTIPLE_CHOICE',1,1),(22,NULL,22,1,'What is a schema in a DBMS?','MULTIPLE_CHOICE',1,1),(23,NULL,23,1,'Which SQL command is used to remove a table from a database?','MULTIPLE_CHOICE',1,1),(24,NULL,24,1,'What is the purpose of the HAVING clause in SQL?','MULTIPLE_CHOICE',1,1),(25,NULL,25,1,'Which of the following is an example of a DBMS software?','MULTIPLE_CHOICE',1,1),(26,NULL,26,1,'What is a primary benefit of using a front-end framework like React?','MULTIPLE_CHOICE',1,2),(27,NULL,27,1,'Which front-end framework is known for its two-way data binding feature?','MULTIPLE_CHOICE',1,2),(28,NULL,28,1,'What does the Virtual DOM in React primarily improve?','MULTIPLE_CHOICE',1,2),(29,NULL,29,1,'Which of the following is a CSS framework commonly used for responsive design?','MULTIPLE_CHOICE',1,2),(30,NULL,30,1,'What is the main purpose of a front-end framework?','MULTIPLE_CHOICE',1,2),(31,NULL,31,1,'Which framework is known for compiling code at build time to optimize performance?','MULTIPLE_CHOICE',1,2),(32,NULL,32,1,'What is JSX in the context of React?','MULTIPLE_CHOICE',1,2),(33,NULL,33,1,'Which front-end framework is developed by Google?','MULTIPLE_CHOICE',1,2),(34,NULL,34,1,'What is a key feature of Vue.js that makes it beginner-friendly?','MULTIPLE_CHOICE',1,2),(35,NULL,35,1,'Which of the following frameworks is primarily a CSS framework?','MULTIPLE_CHOICE',1,2),(36,NULL,36,1,'What does a front-end framework like Angular use to structure applications?','MULTIPLE_CHOICE',1,2),(37,NULL,37,1,'Which framework is known for its lightweight and minimalistic approach?','MULTIPLE_CHOICE',1,2),(38,NULL,38,1,'What is a common use case for the jQuery framework?','MULTIPLE_CHOICE',1,2),(39,NULL,39,1,'Which front-end framework is ideal for building single-page applications (SPAs)?','MULTIPLE_CHOICE',1,2),(40,NULL,40,1,'What is a key advantage of using a front-end framework like Vue.js?','MULTIPLE_CHOICE',1,2),(41,NULL,41,1,'Which of the following is a feature of the Svelte framework?','MULTIPLE_CHOICE',1,2),(42,NULL,42,1,'What is the primary focus of the Bootstrap framework?','MULTIPLE_CHOICE',1,2),(43,NULL,43,1,'Which front-end framework is developed by Facebook?','MULTIPLE_CHOICE',1,2),(44,NULL,44,1,'What does a front-end framework like Ember.js emphasize?','MULTIPLE_CHOICE',1,2),(45,NULL,45,1,'Which of the following is a benefit of using Tailwind CSS?','MULTIPLE_CHOICE',1,2),(46,NULL,46,1,'Which framework is known for its use of TypeScript?','MULTIPLE_CHOICE',1,2),(47,NULL,47,1,'What is a common challenge when using the Angular framework?','MULTIPLE_CHOICE',1,2),(48,NULL,48,1,'Which of the following frameworks is best suited for static site generation?','MULTIPLE_CHOICE',1,2),(49,NULL,49,1,'What is a key feature of the Semantic UI framework?','MULTIPLE_CHOICE',1,2),(50,NULL,50,1,'Which front-end framework is known for its focus on mobile-first development?','MULTIPLE_CHOICE',1,2),(51,NULL,51,1,'What is the main purpose of Object-Oriented Programming (OOP)?','MULTIPLE_CHOICE',1,3),(52,NULL,52,1,'Which of the following is a core principle of OOP?','MULTIPLE_CHOICE',1,3),(53,NULL,53,1,'What is a class in OOP?','MULTIPLE_CHOICE',1,3),(54,NULL,54,1,'What is an object in OOP?','MULTIPLE_CHOICE',1,3),(55,NULL,55,1,'Which OOP principle allows a class to inherit properties from another class?','MULTIPLE_CHOICE',1,3),(56,NULL,56,1,'What does encapsulation in OOP refer to?','MULTIPLE_CHOICE',1,3),(57,NULL,57,1,'What is polymorphism in OOP?','MULTIPLE_CHOICE',1,3),(58,NULL,58,1,'What is abstraction in OOP?','MULTIPLE_CHOICE',1,3),(59,NULL,59,1,'Which keyword is used to inherit a class in Java?','MULTIPLE_CHOICE',1,3),(60,NULL,60,1,'What is a constructor in a class?','MULTIPLE_CHOICE',1,3),(61,NULL,61,1,'Which access modifier makes a member accessible only within its own class?','MULTIPLE_CHOICE',1,3),(62,NULL,62,1,'What is method overloading in OOP?','MULTIPLE_CHOICE',1,3),(63,NULL,63,1,'What is method overriding in OOP?','MULTIPLE_CHOICE',1,3),(64,NULL,64,1,'What is an abstract class in OOP?','MULTIPLE_CHOICE',1,3),(65,NULL,65,1,'What is an interface in OOP?','MULTIPLE_CHOICE',1,3),(66,NULL,66,1,'Which keyword is used to create an instance of a class?','MULTIPLE_CHOICE',1,3),(67,NULL,67,1,'What does the \'super\' keyword do in Java?','MULTIPLE_CHOICE',1,3),(68,NULL,68,1,'What is the purpose of the \'this\' keyword in OOP?','MULTIPLE_CHOICE',1,3),(69,NULL,69,1,'What is a static method in OOP?','MULTIPLE_CHOICE',1,3),(70,NULL,70,1,'Which of the following is true about final classes in Java?','MULTIPLE_CHOICE',1,3),(71,NULL,71,1,'What is the default access modifier in Java if none is specified?','MULTIPLE_CHOICE',1,3),(72,NULL,72,1,'What is the purpose of a getter method in OOP?','MULTIPLE_CHOICE',1,3),(73,NULL,73,1,'What is the purpose of a setter method in OOP?','MULTIPLE_CHOICE',1,3),(74,NULL,74,1,'Which OOP concept allows different classes to be treated as instances of the same class?','MULTIPLE_CHOICE',1,3),(75,NULL,75,1,'What is the benefit of using OOP over procedural programming?','MULTIPLE_CHOICE',1,3),(76,NULL,76,1,'What is the primary function of an Operating System (OS)?','MULTIPLE_CHOICE',1,4),(77,NULL,77,1,'Which of the following is an example of a multi-user operating system?','MULTIPLE_CHOICE',1,4),(78,NULL,78,1,'What is a process in the context of an operating system?','MULTIPLE_CHOICE',1,4),(79,NULL,79,1,'What is the role of the kernel in an operating system?','MULTIPLE_CHOICE',1,4),(80,NULL,80,1,'Which scheduling algorithm selects the process with the shortest next CPU burst?','MULTIPLE_CHOICE',1,4),(81,NULL,81,1,'What is a deadlock in an operating system?','MULTIPLE_CHOICE',1,4),(82,NULL,82,1,'Which of the following is a function of the operating system\'s memory management?','MULTIPLE_CHOICE',1,4),(83,NULL,83,1,'What is virtual memory in an operating system?','MULTIPLE_CHOICE',1,4),(84,NULL,84,1,'What is the purpose of the file system in an operating system?','MULTIPLE_CHOICE',1,4),(85,NULL,85,1,'Which of the following is a real-time operating system?','MULTIPLE_CHOICE',1,4),(86,NULL,86,1,'What is a thread in an operating system?','MULTIPLE_CHOICE',1,4),(87,NULL,87,1,'What is the purpose of interrupt handling in an operating system?','MULTIPLE_CHOICE',1,4),(88,NULL,88,1,'Which of the following is a condition for deadlock to occur?','MULTIPLE_CHOICE',1,4),(89,NULL,89,1,'What is the role of the scheduler in an operating system?','MULTIPLE_CHOICE',1,4),(90,NULL,90,1,'What is paging in memory management?','MULTIPLE_CHOICE',1,4),(91,NULL,91,1,'What is a semaphore in an operating system?','MULTIPLE_CHOICE',1,4),(92,NULL,92,1,'Which of the following is a type of operating system?','MULTIPLE_CHOICE',1,4),(93,NULL,93,1,'What is the purpose of the swap space in an operating system?','MULTIPLE_CHOICE',1,4),(94,NULL,94,1,'What is a context switch in an operating system?','MULTIPLE_CHOICE',1,4),(95,NULL,95,1,'Which of the following is a function of device drivers in an operating system?','MULTIPLE_CHOICE',1,4),(96,NULL,96,1,'What is the purpose of the boot loader in an operating system?','MULTIPLE_CHOICE',1,4),(97,NULL,97,1,'Which of the following is a benefit of multiprocessing in an operating system?','MULTIPLE_CHOICE',1,4),(98,NULL,98,1,'What is the role of the system call in an operating system?','MULTIPLE_CHOICE',1,4),(99,NULL,99,1,'Which of the following is a type of file system used in operating systems?','MULTIPLE_CHOICE',1,4),(100,NULL,100,1,'What is the purpose of the operating system\'s security management?','MULTIPLE_CHOICE',1,4);
/*!40101 SET @saved_cs_client     = @@character_set_client */;
/*!50503 SET character_set_client = utf8mb4 */;
CREATE TABLE `quiz_attempts` (
  `id` int NOT NULL AUTO_INCREMENT,
  `completed` bit(1) DEFAULT NULL,
  `correct_answers` int DEFAULT NULL,
  `end_time` datetime(6) DEFAULT NULL,
  `quiz_id` int DEFAULT NULL,
  `score` int DEFAULT NULL,
  `start_time` datetime(6) DEFAULT NULL,
  `time_spent_seconds` int DEFAULT NULL,
  `total_questions` int DEFAULT NULL,
  `user_id` int DEFAULT NULL,
  PRIMARY KEY (`id`)
) ENGINE=InnoDB AUTO_INCREMENT=91 DEFAULT CHARSET=utf8mb4 COLLATE=utf8mb4_0900_ai_ci;
/*!40101 SET character_set_client = @saved_cs_client */;
INSERT INTO `quiz_attempts` VALUES (68,_binary '',0,'2025-10-04 09:45:57.069000',1,0,'2025-10-04 09:44:18.683000',98,1,2),(69,_binary '',0,'2025-10-04 09:46:47.509000',1,0,'2025-10-04 09:46:27.193000',20,0,2),(70,_binary '',0,'2025-10-04 09:47:37.488000',1,0,'2025-10-04 09:47:12.151000',25,0,2),(71,_binary '',0,'2025-10-04 09:48:54.976000',1,0,'2025-10-04 09:48:09.681000',45,1,2),(72,_binary '\0',NULL,NULL,1,NULL,'2025-10-06 03:45:45.572000',NULL,NULL,30),(73,_binary '',2,'2025-10-06 03:52:45.980000',1,2,'2025-10-06 03:52:02.969000',43,3,30),(74,_binary '',0,'2025-10-06 03:55:04.351000',1,0,'2025-10-06 03:54:57.609000',6,0,30),(75,_binary '',1,'2025-10-06 06:34:54.989000',1,1,'2025-10-06 06:34:11.201000',43,3,30),(76,_binary '',5,'2025-10-09 07:16:32.027000',1,5,'2025-10-09 07:15:19.462000',72,11,32),(77,_binary '',2,'2025-10-09 07:24:57.963000',1,2,'2025-10-09 07:24:31.471000',26,4,34),(78,_binary '',0,'2025-10-17 08:24:45.243000',1,0,'2025-10-17 08:24:19.868000',25,4,35),(79,_binary '',1,'2025-10-28 08:24:29.530000',1,1,'2025-10-28 08:24:17.465000',12,2,2),(80,_binary '',0,'2025-10-28 08:28:07.011000',1,0,'2025-10-28 08:27:49.247000',17,2,37),(81,_binary '\0',NULL,NULL,1,NULL,'2025-10-28 08:41:26.260000',NULL,NULL,1),(82,_binary '\0',NULL,NULL,1,NULL,'2025-10-28 08:41:26.364000',NULL,NULL,1),(83,_binary '',1,'2025-10-28 09:26:05.825000',1,1,'2025-10-28 09:25:47.163000',18,2,37),(84,_binary '\0',NULL,NULL,1,NULL,'2025-10-28 09:39:20.511000',NULL,NULL,38),(85,_binary '',1,'2025-10-28 09:46:45.371000',1,1,'2025-10-28 09:46:17.880000',27,4,38),(86,_binary '',0,'2025-10-28 09:54:52.883000',1,0,'2025-10-28 09:54:46.756000',6,1,38),(87,_binary '',0,'2025-10-28 10:00:30.925000',1,0,'2025-10-28 10:00:18.688000',12,2,38),(88,_binary '',1,'2025-10-28 10:02:10.349000',1,1,'2025-10-28 10:01:46.544000',23,5,38),(89,_binary '',2,'2025-10-28 10:03:23.996000',1,2,'2025-10-28 10:02:49.712000',34,3,38),(90,_binary '\0',NULL,NULL,1,NULL,'2025-10-28 10:12:12.552000',NULL,NULL,38);
/*!40101 SET @saved_cs_client     = @@character_set_client */;
/*!50503 SET character_set_client = utf8mb4 */;
CREATE TABLE `quiz_subjects` (
  `id` int NOT NULL AUTO_INCREMENT,
  `question_count` int DEFAULT NULL,
  `quiz_id` int NOT NULL,
  `subject_id` int NOT NULL,
  PRIMARY KEY (`id`),
  KEY `FK8la3c36exutay7dwhc4ji5qa8` (`quiz_id`),
  KEY `FK4nxcuvpmajtxdvnfao4y8fqcw` (`subject_id`),
  CONSTRAINT `FK4nxcuvpmajtxdvnfao4y8fqcw` FOREIGN KEY (`subject_id`) REFERENCES `subjects` (`id`),
  CONSTRAINT `FK8la3c36exutay7dwhc4ji5qa8` FOREIGN KEY (`quiz_id`) REFERENCES `quizzes` (`id`)
) ENGINE=InnoDB DEFAULT CHARSET=utf8mb4 COLLATE=utf8mb4_0900_ai_ci;
/*!40101 SET character_set_client = @saved_cs_client */;
/*!40101 SET @saved_cs_client     = @@character_set_client */;
/*!50503 SET character_set_client = utf8mb4 */;
CREATE TABLE `quizzes` (
  `id` int NOT NULL AUTO_INCREMENT,
  `active` bit(1) DEFAULT NULL,
  `created_at` datetime(6) DEFAULT NULL,
  `description` varchar(255) DEFAULT NULL,
  `difficulty` varchar(255) DEFAULT NULL,
  `password` varchar(255) DEFAULT NULL,
  `time_limit` int DEFAULT NULL,
  `title` varchar(255) DEFAULT NULL,
  `total_questions` int DEFAULT NULL,
  PRIMARY KEY (`id`)
) ENGINE=InnoDB AUTO_INCREMENT=2 DEFAULT CHARSET=utf8mb4 COLLATE=utf8mb4_0900_ai_ci;
/*!40101 SET character_set_client = @saved_cs_client */;
INSERT INTO `quizzes` VALUES (1,_binary '','2025-09-25 10:07:46.000000','A test quiz','EASY',NULL,60,'Test Quiz',10);
/*!40101 SET @saved_cs_client     = @@character_set_client */;
/*!50503 SET character_set_client = utf8mb4 */;
CREATE TABLE `subjects` (
  `id` int NOT NULL AUTO_INCREMENT,
  `color` varchar(20) DEFAULT NULL,
  `created_at` datetime(6) DEFAULT NULL,
  `description` varchar(255) DEFAULT NULL,
  `name` varchar(50) NOT NULL,
  PRIMARY KEY (`id`)
) ENGINE=InnoDB AUTO_INCREMENT=5 DEFAULT CHARSET=utf8mb4 COLLATE=utf8mb4_0900_ai_ci;
/*!40101 SET character_set_client = @saved_cs_client */;
INSERT INTO `subjects` VALUES (1,'#000000','2025-09-25 10:07:38.000000','Database Management Systems','DBMS'),(2,'#FF6B6B',NULL,'Front-End Development Frameworks','FEDF'),(3,'#4ECDC4',NULL,'Object-Oriented Programming','OOP'),(4,'#45B7D1',NULL,'Operating Systems','OS');
/*!40101 SET @saved_cs_client     = @@character_set_client */;
/*!50503 SET character_set_client = utf8mb4 */;
CREATE TABLE `user_answers` (
  `id` int NOT NULL AUTO_INCREMENT,
  `is_correct` bit(1) DEFAULT NULL,
  `question_id` int DEFAULT NULL,
  `quiz_attempt_id` int DEFAULT NULL,
  `selected_option_id` int DEFAULT NULL,
  PRIMARY KEY (`id`)
) ENGINE=InnoDB AUTO_INCREMENT=159 DEFAULT CHARSET=utf8mb4 COLLATE=utf8mb4_0900_ai_ci;
/*!40101 SET character_set_client = @saved_cs_client */;
INSERT INTO `user_answers` VALUES (108,_binary '\0',1,68,3),(109,_binary '\0',1,71,1),(110,_binary '\0',18,73,71),(111,_binary '',32,73,126),(112,_binary '',64,73,253),(113,_binary '\0',13,75,51),(114,_binary '',38,75,150),(115,_binary '\0',98,75,391),(116,_binary '\0',1,76,1),(117,_binary '\0',1,76,3),(118,_binary '',33,76,131),(119,_binary '\0',81,76,323),(120,_binary '\0',57,76,226),(121,_binary '',61,76,242),(122,_binary '',83,76,330),(123,_binary '\0',87,76,347),(124,_binary '\0',12,76,46),(125,_binary '',13,76,50),(126,_binary '',6,76,23),(127,_binary '\0',1,77,3),(128,_binary '\0',12,77,47),(129,_binary '',33,77,131),(130,_binary '',35,77,138),(131,_binary '\0',13,78,51),(132,_binary '\0',32,78,125),(133,_binary '\0',63,78,250),(134,_binary '\0',92,78,368),(135,_binary '',11,79,42),(136,_binary '\0',32,79,128),(137,_binary '\0',57,80,227),(138,_binary '\0',48,80,191),(139,_binary '',7,83,27),(140,_binary '\0',19,83,75),(141,_binary '',13,85,50),(142,_binary '\0',24,85,95),(143,_binary '\0',32,85,127),(144,_binary '\0',86,85,344),(145,_binary '\0',1,86,3),(146,_binary '\0',1,87,3),(147,_binary '\0',36,87,142),(148,_binary '\0',1,88,4),(149,_binary '',32,88,126),(150,_binary '\0',33,88,132),(151,_binary '\0',38,88,149),(152,_binary '\0',54,88,215),(153,_binary '\0',1,89,3),(154,_binary '',39,89,154),(155,_binary '',55,89,218),(156,_binary '\0',1,90,3),(157,_binary '\0',2,90,7),(158,_binary '\0',28,90,111);
/*!40101 SET @saved_cs_client     = @@character_set_client */;
/*!50503 SET character_set_client = utf8mb4 */;
CREATE TABLE `users` (
  `id` int NOT NULL AUTO_INCREMENT,
  `created_at` datetime(6) DEFAULT NULL,
  `email` varchar(100) NOT NULL,
  `full_name` varchar(100) DEFAULT NULL,
  `password_hash` varchar(255) NOT NULL,
  `role` varchar(255) DEFAULT NULL,
  `updated_at` datetime(6) DEFAULT NULL,
  `username` varchar(50) NOT NULL,
  PRIMARY KEY (`id`),
  UNIQUE KEY `UK_6dotkott2kjsp8vw4d0m25fb7` (`email`),
  UNIQUE KEY `UK_r43af9ap4edm43mmtq01oddj6` (`username`)
) ENGINE=InnoDB AUTO_INCREMENT=39 DEFAULT CHARSET=utf8mb4 COLLATE=utf8mb4_0900_ai_ci;
/*!40101 SET character_set_client = @saved_cs_client */;
INSERT INTO `users` VALUES (1,'2025-09-27 07:38:35.536250','kcszgxjszv@gmail.com','d,cbj,j lkhhfcx','NOPASS','student','2025-09-27 07:38:35.536250','vhmm'),(2,'2025-09-27 08:15:22.780077','2410030075@klh.edu.in',NULL,'NOPASS','student','2025-10-28 08:24:17.273318','gcdc'),(3,'2025-09-27 08:25:42.441941','20001@klh.edu.in',NULL,'NOPASS','teacher','2025-09-30 22:23:33.327750','20001'),(30,'2025-10-06 03:45:45.381024','2410030071@klh.edu.in',NULL,'NOPASS','student','2025-10-06 06:34:11.050164','2410030071'),(31,'2025-10-06 03:48:50.160820','20002@klh.edu.in','swvnhs','NOPASS','teacher','2025-10-06 03:55:26.971735','TYedsjhgc s'),(32,'2025-10-09 07:15:19.298614','2410030177@klh.edu.in','Surya Manna','NOPASS','student','2025-10-09 07:15:19.298614','Surya'),(33,'2025-10-09 07:17:56.955853','20005@klh.edu.in','C. K. Raman','NOPASS','teacher','2025-10-09 07:17:56.955853','skm151412'),(34,'2025-10-09 07:24:31.436114','2410030099@klh.edu.in','Surya Manna','NOPASS','student','2025-10-09 07:24:31.436114','cdtykcjmh'),(35,'2025-10-17 08:24:19.774239','2410030072@klh.edu.in','Rohan','NOPASS','student','2025-10-17 08:24:19.774239','2410030072rohan'),(36,'2025-10-17 08:27:22.350256','20006@klh.edu.in','CHIRAg','NOPASS','teacher','2025-10-17 08:27:22.350256','20006sk'),(37,'2025-10-28 08:27:49.179884','24100030075@klh.edu.in',NULL,'NOPASS','student','2025-10-28 09:25:46.971148','2410030075'),(38,'2025-10-28 09:39:20.472192','2410030025@klh.edu.in',NULL,'NOPASS','student','2025-10-28 10:12:12.430362','2410030025');
